{"cameraMode":{"drawMode":0,"name":"Shaded","section":"Shading Mode"},"sceneLighting":false,"audioPlay":false,"sceneViewState":{"showFog":true,"showMaterialUpdate":false,"showSkybox":false,"showFlares":true,"showImageEffects":true,"showParticleSystems":true},"in2DMode":false,"pivot":{"x":126.75601196289063,"y":401.744873046875,"z":22.675537109375},"rotation":{"x":0.017688799649477006,"y":-0.008401535451412201,"z":-0.00014864810509607196,"w":-0.9998095035552979},"size":1277.84521484375,"orthographic":false}