{"cameraMode":{"drawMode":0,"name":"Shaded","section":"Shading Mode"},"sceneLighting":false,"audioPlay":false,"sceneViewState":{"showFog":true,"showMaterialUpdate":false,"showSkybox":false,"showFlares":true,"showImageEffects":true,"showParticleSystems":true},"in2DMode":false,"pivot":{"x":506.735107421875,"y":269.4200439453125,"z":-32.88165283203125},"rotation":{"x":0.03299400210380554,"y":0.0077700321562588219,"z":0.0002948485198430717,"w":-0.9994666576385498},"size":583.8070678710938,"orthographic":false}